t,px,py,pz,vx,vy,vz,ax,ay,az,yaw
0.0,0,0,-10,0.0,0.0,0.0,nan,nan,nan,0
0.1,0,0,-10,0.0,0.0,0.0,nan,nan,nan,0
0.2,0,0,-10,0.0,0.0,0.0,nan,nan,nan,0
0.30000000000000004,0,0,-10,0.0,0.0,0.0,nan,nan,nan,0
0.4,0,0,-10,0.0,0.0,0.0,nan,nan,nan,0
0.5,0,0,-10,0.0,0.0,0.0,nan,nan,nan,0
0.6000000000000001,0,0,-10,0.0,0.0,0.0,nan,nan,nan,0
0.7000000000000001,0,0,-10,0.0,0.0,0.0,nan,nan,nan,0
0.8,0,0,-10,0.0,0.0,0.0,nan,nan,nan,0
0.9,0,0,-10,0.0,0.0,0.0,nan,nan,nan,0
1.0,0,0,-10,0.0,0.0,0.0,nan,nan,nan,0
1.1,0,0,-10,0.0,0.0,0.0,nan,nan,nan,0
1.2000000000000002,0,0,-10,0.0,0.0,0.0,nan,nan,nan,0
1.3,0,0,-10,0.0,0.0,0.0,nan,nan,nan,0
1.4000000000000001,0,0,-10,0.0,0.0,0.0,nan,nan,nan,0
1.5,0,0,-10,0.0,0.0,0.0,nan,nan,nan,0
1.6,0,0,-10,0.0,0.0,0.0,nan,nan,nan,0
1.7000000000000002,0,0,-10,0.0,0.0,0.0,nan,nan,nan,0
1.8,0,0,-10,0.0,0.0,0.0,nan,nan,nan,0
1.9000000000000001,0,0,-10,0.0,0.0,0.0,nan,nan,nan,0
2.0,0.0,0.0,-10,2.0,0.0,0.0,nan,nan,nan,0
2.1,0.2,0.0,-10,2.0,0.0,0.0,nan,nan,nan,0
2.2,0.4,0.0,-10,2.0,0.0,0.0,nan,nan,nan,0
2.3,0.6,0.0,-10,2.0,0.0,0.0,nan,nan,nan,0
2.4,0.8,0.0,-10,2.0,0.0,0.0,nan,nan,nan,0
2.5,1.0,0.0,-10,2.0,0.0,0.0,nan,nan,nan,0
2.6,1.2,0.0,-10,2.0,0.0,0.0,nan,nan,nan,0
2.7,1.4000000000000001,0.0,-10,2.0,0.0,0.0,nan,nan,nan,0
2.8,1.6,0.0,-10,2.0,0.0,0.0,nan,nan,nan,0
2.9,1.7999999999999998,0.0,-10,2.0,0.0,0.0,nan,nan,nan,0
3.0,2.0,0.0,-10,2.0,0.0,0.0,nan,nan,nan,0
3.1,2.2,0.0,-10,2.0,0.0,0.0,nan,nan,nan,0
3.2,2.4,0.0,-10,2.0,0.0,0.0,nan,nan,nan,0
3.3,2.6,0.0,-10,2.0,0.0,0.0,nan,nan,nan,0
3.4000000000000004,2.8000000000000003,0.0,-10,2.0,0.0,0.0,nan,nan,nan,0
3.5,3.0,0.0,-10,2.0,0.0,0.0,nan,nan,nan,0
3.6,3.2,0.0,-10,2.0,0.0,0.0,nan,nan,nan,0
3.7,3.4,0.0,-10,2.0,0.0,0.0,nan,nan,nan,0
3.8,3.5999999999999996,0.0,-10,2.0,0.0,0.0,nan,nan,nan,0
3.9000000000000004,3.8000000000000003,0.0,-10,2.0,0.0,0.0,nan,nan,nan,0
4.0,4.0,0.0,-10,2.0,0.0,0.0,nan,nan,nan,0
4.1,4.2,0.0,-10,2.0,0.0,0.0,nan,nan,nan,0
4.2,4.4,0.0,-10,2.0,0.0,0.0,nan,nan,nan,0
4.300000000000001,4.6,0.0,-10,2.0,0.0,0.0,nan,nan,nan,0
4.4,4.8,0.0,-10,2.0,0.0,0.0,nan,nan,nan,0
4.5,5.0,0.0,-10,2.0,0.0,0.0,nan,nan,nan,0
4.6,5.2,0.0,-10,2.0,0.0,0.0,nan,nan,nan,0
4.7,5.3999999999999995,0.0,-10,2.0,0.0,0.0,nan,nan,nan,0
4.800000000000001,5.6000000000000005,0.0,-10,2.0,0.0,0.0,nan,nan,nan,0
4.9,5.8,0.0,-10,2.0,0.0,0.0,nan,nan,nan,0
5.0,6.0,0.0,-10,2.0,0.0,0.0,nan,nan,nan,0
5.1,6.2,0.0,-10,2.0,0.0,0.0,nan,nan,nan,0
5.2,6.4,0.0,-10,2.0,0.0,0.0,nan,nan,nan,0
5.300000000000001,6.6,0.0,-10,2.0,0.0,0.0,nan,nan,nan,0
5.4,6.8,0.0,-10,2.0,0.0,0.0,nan,nan,nan,0
5.5,7.0,0.0,-10,2.0,0.0,0.0,nan,nan,nan,0
5.6,7.199999999999999,0.0,-10,2.0,0.0,0.0,nan,nan,nan,0
5.7,7.4,0.0,-10,2.0,0.0,0.0,nan,nan,nan,0
5.800000000000001,7.6000000000000005,0.0,-10,2.0,0.0,0.0,nan,nan,nan,0
5.9,7.800000000000001,0.0,-10,2.0,0.0,0.0,nan,nan,nan,0
6.0,8.0,0.0,-10,2.0,0.0,0.0,nan,nan,nan,0
6.1000000000000005,8.2,0.0,-10,2.0,0.0,0.0,nan,nan,nan,0
6.2,8.4,0.0,-10,2.0,0.0,0.0,nan,nan,nan,0
6.3,8.6,0.0,-10,2.0,0.0,0.0,nan,nan,nan,0
6.4,8.8,0.0,-10,2.0,0.0,0.0,nan,nan,nan,0
6.5,9.0,0.0,-10,2.0,0.0,0.0,nan,nan,nan,0
6.6000000000000005,9.2,0.0,-10,2.0,0.0,0.0,nan,nan,nan,0
6.7,9.4,0.0,-10,2.0,0.0,0.0,nan,nan,nan,0
6.800000000000001,9.6,0.0,-10,2.0,0.0,0.0,nan,nan,nan,0
6.9,9.8,0.0,-10,2.0,0.0,0.0,nan,nan,nan,0
7.0,10.0,0.0,-10,2.0,0.0,0.0,nan,nan,nan,0
7.1000000000000005,10.200000000000001,0.0,-10,2.0,0.0,0.0,nan,nan,nan,0
7.2,10.4,0.0,-10,2.0,0.0,0.0,nan,nan,nan,0
7.300000000000001,10.6,0.0,-10,2.0,0.0,0.0,nan,nan,nan,0
7.4,10.799999999999999,0.0,-10,2.0,0.0,0.0,nan,nan,nan,0
7.5,11.0,0.0,-10,2.0,0.0,0.0,nan,nan,nan,0
7.6000000000000005,11.200000000000001,0.0,-10,2.0,0.0,0.0,nan,nan,nan,0
7.7,11.4,0.0,-10,2.0,0.0,0.0,nan,nan,nan,0
7.800000000000001,11.6,0.0,-10,2.0,0.0,0.0,nan,nan,nan,0
7.9,11.799999999999999,0.0,-10,2.0,0.0,0.0,nan,nan,nan,0
8.0,12.0,0.0,-10,2.0,0.0,0.0,nan,nan,nan,0
8.100000000000001,12.200000000000001,0.0,-10,2.0,0.0,0.0,nan,nan,nan,0
8.2,12.4,0.0,-10,2.0,0.0,0.0,nan,nan,nan,0
8.3,12.6,0.0,-10,2.0,0.0,0.0,nan,nan,nan,0
8.4,12.8,0.0,-10,2.0,0.0,0.0,nan,nan,nan,0
8.5,13.0,0.0,-10,2.0,0.0,0.0,nan,nan,nan,0
8.600000000000001,13.2,0.0,-10,2.0,0.0,0.0,nan,nan,nan,0
8.7,13.4,0.0,-10,2.0,0.0,0.0,nan,nan,nan,0
8.8,13.6,0.0,-10,2.0,0.0,0.0,nan,nan,nan,0
8.9,13.8,0.0,-10,2.0,0.0,0.0,nan,nan,nan,0
9.0,14.0,0.0,-10,2.0,0.0,0.0,nan,nan,nan,0
9.100000000000001,14.2,0.0,-10,2.0,0.0,0.0,nan,nan,nan,0
9.2,14.399999999999999,0.0,-10,2.0,0.0,0.0,nan,nan,nan,0
9.3,14.600000000000001,0.0,-10,2.0,0.0,0.0,nan,nan,nan,0
9.4,14.8,0.0,-10,2.0,0.0,0.0,nan,nan,nan,0
9.5,15.0,0.0,-10,0.0,0.0,0.0,nan,nan,nan,0
9.6,15.0,0.0,-10,0.0,0.0,0.0,nan,nan,nan,0
9.7,15.0,0.0,-10,0.0,0.0,0.0,nan,nan,nan,0
9.8,15.0,0.0,-10,0.0,0.0,0.0,nan,nan,nan,0
9.9,15.0,0.0,-10,0.0,0.0,0.0,nan,nan,nan,0
10.0,15.0,0.0,-10,0.0,0.0,0.0,nan,nan,nan,0
10.1,15.0,0.0,-10,0.0,0.0,0.0,nan,nan,nan,0
10.2,15.0,0.0,-10,0.0,0.0,0.0,nan,nan,nan,0
10.3,15.0,0.0,-10,0.0,0.0,0.0,nan,nan,nan,0
10.4,15.0,0.0,-10,0.0,0.0,0.0,nan,nan,nan,0
10.5,15.0,0.0,-10,0.0,0.0,0.0,nan,nan,nan,0
10.6,15.0,0.0,-10,0.0,0.0,0.0,nan,nan,nan,0
10.7,15.0,0.0,-10,0.0,0.0,0.0,nan,nan,nan,0
10.8,15.0,0.0,-10,0.0,0.0,0.0,nan,nan,nan,0
10.9,15.0,0.0,-10,0.0,0.0,0.0,nan,nan,nan,0
11.0,15.0,0.0,-10,0.0,0.0,0.0,nan,nan,nan,0
11.1,15.0,0.0,-10,0.0,0.0,0.0,nan,nan,nan,0
11.2,15.0,0.0,-10,0.0,0.0,0.0,nan,nan,nan,0
11.3,15.0,0.0,-10,0.0,0.0,0.0,nan,nan,nan,0
11.4,15.0,0.0,-10,0.0,0.0,0.0,nan,nan,nan,0
11.5,15.0,0.0,-10,-0.0,1.5707963267948963,0,nan,nan,nan,0
11.6,14.999177540482682,0.15707676174368687,-10,-0.01644904002478803,1.5707101990356473,0,nan,nan,nan,0
11.7,14.996710252122682,0.3141362982503544,-10,-0.03289627622697352,1.5704518252027784,0,nan,nan,nan,0
11.8,14.992598405485975,0.4711613861719244,-10,-0.04933990498176337,1.5700212336298927,0,nan,nan,nan,0
11.9,14.986842451482875,0.6281348059379943,-10,-0.06577812305996178,1.5694184715362083,0,nan,nan,nan,0
12.0,14.979443021318607,0.7850393436441574,-10,-0.0822091278257146,1.568643605021381,0,nan,nan,nan,0
12.1,14.970400926424073,0.9418577929397006,-10,-0.09863111743418868,1.5676967190582567,0,nan,nan,nan,0
12.2,14.959717158366871,1.0985729569144753,-10,-0.1150422910291644,1.5665779174835515,0,nan,nan,nan,0
12.3,14.947392888742566,1.2551676499847322,-10,-0.13144084894052,1.5652873229864652,0,nan,nan,nan,0
12.4,14.9334294690462,1.4116246997777147,-10,-0.14782499288158552,1.5638250770952287,0,nan,nan,nan,0
12.5,14.9178284305241,1.5679269490148018,-10,-0.1641929261463453,1.5621913401615823,0,nan,nan,nan,0
12.6,14.900591484005947,1.724057257392999,-10,-0.18054285380646712,1.5603862913431905,0,nan,nan,nan,0
12.7,14.881720519717168,1.8799985034645639,-10,-0.19687298290813599,1.5584101285839977,0,nan,nan,nan,0
12.8,14.861217607071653,2.035733586514566,-10,-0.21318152266867205,1.5562630685925198,0,nan,nan,nan,0
12.9,14.839084994444825,2.1912454284361744,-10,-0.22946668467291015,1.55394534681808,0,nan,nan,nan,0
13.0,14.815325108927066,2.346516975603463,-10,-0.24572668306931933,1.551457217424989,0,nan,nan,nan,0
13.1,14.789940556057575,2.501531200741534,-10,-0.2619597347658419,1.5487989532646738,0,nan,nan,nan,0
13.2,14.762934119538627,2.65627110479375,-10,-0.2781640596254296,1.545970845845755,0,nan,nan,nan,0
13.3,14.73430876093033,2.810719718785869,-10,-0.29433788066125516,1.542973205302082,0,nan,nan,nan,0
13.4,14.704067619325828,2.9648601056868924,-10,-0.3104794242315799,1.5398063603587195,0,nan,nan,nan,0
13.5,14.672214011007085,3.11867536226639,-10,-0.32658692023425256,1.5364706582959031,0,nan,nan,nan,0
13.6,14.63875142908121,3.272148620948138,-10,-0.34265860230082146,1.5329664649109538,0,nan,nan,nan,0
13.7,14.603683543097404,3.425263051659836,-10,-0.35869270799023656,1.5292941644781655,0,nan,nan,nan,0
13.8,14.567014198644541,3.578001863678714,-10,-0.3746874789821212,1.525454159706663,0,nan,nan,nan,0
13.9,14.528747416929466,3.730348307472822,-10,-0.3906411612695912,1.521446871696243,0,nan,nan,nan,0
14.0,14.488887394336025,3.882285676537811,-10,-0.40655200535160224,1.5172727398911938,0,nan,nan,nan,0
14.1,14.447438501964873,4.033797309228985,-10,-0.42241826642480185,1.5129322220321058,0,nan,nan,nan,0
14.2,14.404405285154146,4.184866590588439,-10,-0.4382382045748668,1.5084257941056751,0,nan,nan,nan,0
14.3,14.359792462981009,4.335476954167074,-10,-0.45401008496730444,1.5037539502925072,0,nan,nan,nan,0
14.4,14.313604927744151,4.485611883841301,-10,-0.4697321780376968,1.498917202912923,0,nan,nan,nan,0
14.5,14.265847744427303,4.635254915624211,-10,-0.48540275968136654,1.4939160823707778,0,nan,nan,nan,0
14.6,14.216526150143785,4.7843896394710494,-10,-0.5010201114424456,1.4887511370952966,0,nan,nan,nan,0
14.7,14.165645553562216,4.9329997010787485,-10,-0.5165825207023214,1.4834229334809323,0,nan,nan,nan,0
14.8,14.113211534313383,5.08106880367937,-10,-0.5320882808674463,1.4779320558252553,0,nan,nan,nan,0
14.9,14.059229842378372,5.228580709827229,-10,-0.5475356915564843,1.472279106264876,0,nan,nan,nan,0
15.0,14.003706397458027,5.375519243179504,-10,-0.5629230587867764,1.4664647047094175,0,nan,nan,nan,0
15.1,13.946647288323772,5.521868290270168,-10,-0.5782486951601064,1.4604894887735325,0,nan,nan,nan,0
15.2,13.888058772149922,5.667611802277007,-10,-0.5935109200477416,1.4543541137069826,0,nan,nan,nan,0
15.3,13.827947273827508,5.8127337967815444,-10,-0.6087080597747334,1.4480592523227835,0,nan,nan,nan,0
15.4,13.766319385259717,5.95721835952171,-10,-0.6238384478034548,1.4416055949234228,0,nan,nan,nan,0
15.5,13.703181864639014,6.101049646137002,-10,-0.6389004249163538,1.4349938492251604,0,nan,nan,nan,0
15.600000000000001,13.638541635706028,6.244211883906019,-10,-0.6538923393979077,1.4282247402804193,0,nan,nan,nan,0
15.7,13.572405786990293,6.38668937347609,-10,-0.6688125472157493,1.4212990103982766,0,nan,nan,nan,0
15.8,13.504781571032902,6.528466490584913,-10,-0.6836594122009567,1.4142174190630596,0,nan,nan,nan,0
15.9,13.435676403591193,6.669527687773913,-10,-0.6984313062274748,1.4069807428510608,0,nan,nan,nan,0
16.0,13.365097862825518,6.809857496093201,-10,-0.7131266093906595,1.3995897753453763,0,nan,nan,nan,0
16.1,13.293053688468222,6.949440526797927,-10,-0.7277437101849183,1.3920453270488824,0,nan,nan,nan,0
16.2,13.219551780974884,7.088261473035809,-10,-0.7422810056804288,1.384348225295352,0,nan,nan,nan,0
16.3,13.144600200657953,7.22630511152573,-10,-0.7567369016989202,1.3764993141587316,0,nan,nan,nan,0
16.4,13.068207166802841,7.363556304227113,-10,-0.7711098129884901,1.3684994543605764,0,nan,nan,nan,0
16.5,12.99038105676658,7.499999999999999,-10,-0.7853981633974482,1.3603495231756635,0,nan,nan,nan,0
16.6,12.911130405059154,7.63562123625557,-10,-0.7996003860471571,1.3520504143357883,0,nan,nan,nan,0
16.7,12.8304639024076,7.770405140596953,-10,-0.8137149235038584,1.343603037931758,0,nan,nan,nan,0
16.8,12.74839039480296,7.904336932450164,-10,-0.8277402279494639,1.3350083203135887,0,nan,nan,nan,0
16.9,12.664918882530227,8.03740192468495,-10,-0.8416747613512902,1.3262672039889203,0,nan,nan,nan,0
17.0,12.58005851918136,8.169585525225404,-10,-0.8555169956307214,1.3173806475196619,0,nan,nan,nan,0
17.1,12.493818610651491,8.300873238650162,-10,-0.8692654128307821,1.308349625416872,0,nan,nan,nan,0
17.2,12.406208614118427,8.431250667781958,-10,-0.8829185052825945,1.2991751280338952,0,nan,nan,nan,0
17.3,12.31723813700556,8.560703515266475,-10,-0.8964747757707159,1.2898581614577567,0,nan,nan,nan,0
17.4,12.226916935928314,8.689217585140183,-10,-0.9099327376973214,1.2803997473988338,0,nan,nan,nan,0
17.5,12.135254915624213,8.816778784387097,-10,-0.9232909152452283,1.270800923078815,0,nan,nan,nan,0
17.6,12.042262127866719,8.943373124484237,-10,-0.9365478435397357,1.2610627411169557,0,nan,nan,nan,0
17.7,11.947948770362943,9.068986722935623,-10,-0.9497020688092642,1.2511862694146474,0,nan,nan,nan,0
17.8,11.852325185635355,9.193605804794647,-10,-0.962752148544778,1.2411725910383105,0,nan,nan,nan,0
17.9,11.755401859887598,9.317216704174655,-10,-0.9756966516579734,1.2310228041006224,0,nan,nan,nan,0
18.0,11.657189421854564,9.439805865747562,-10,-0.9885341586382127,1.2207380216400983,0,nan,nan,nan,0
18.1,11.557698641636838,9.561359846230344,-10,-1.0012632617081894,1.210319371499034,0,nan,nan,nan,0
18.2,11.456940429519632,9.681865315859259,-10,-1.013882564978309,1.1997679961998253,0,nan,nan,nan,0
18.3,11.354925834776346,9.801309059851583,-10,-1.0263906845997606,1.1890850528196772,0,nan,nan,nan,0
18.4,11.251666044456893,9.919677979854777,-10,-1.0387862489162736,1.1782717128637166,0,nan,nan,nan,0
18.5,11.147172382160914,10.036959095382873,-10,-1.0510678986145363,1.1673291621365254,0,nan,nan,nan,0
18.6,11.041456306796015,10.153139545239911,-10,-1.0632342868732574,1.1562586006121016,0,nan,nan,nan,0
18.7,10.934529411321174,10.26820658893033,-10,-1.0752840795108611,1.145061242302271,0,nan,nan,nan,0
18.8,10.826403421475433,10.382147608056101,-10,-1.0872159551317964,1.133738315123554,0,nan,nan,nan,0
18.9,10.71709019449205,10.49495010770048,-10,-1.0990286052714413,1.1222910607625143,0,nan,nan,nan,0
19.0,10.606601717798213,10.606601717798211,-10,-1.1107207345395913,1.1107207345395915,0,nan,nan,nan,0
19.1,10.49495010770048,10.71709019449205,-10,-1.1222910607625143,1.0990286052714413,0,nan,nan,nan,0
19.2,10.382147608056101,10.826403421475433,-10,-1.133738315123554,1.0872159551317964,0,nan,nan,nan,0
19.3,10.26820658893033,10.934529411321174,-10,-1.145061242302271,1.0752840795108611,0,nan,nan,nan,0
19.4,10.153139545239911,11.041456306796015,-10,-1.1562586006121016,1.0632342868732574,0,nan,nan,nan,0
19.5,10.036959095382873,11.147172382160912,-10,-1.1673291621365252,1.0510678986145363,0,nan,nan,nan,0
19.6,9.919677979854779,11.251666044456892,-10,-1.1782717128637166,1.0387862489162738,0,nan,nan,nan,0
19.700000000000003,9.801309059851581,11.354925834776347,-10,-1.1890850528196775,1.0263906845997604,0,nan,nan,nan,0
19.8,9.681865315859259,11.456940429519632,-10,-1.1997679961998253,1.013882564978309,0,nan,nan,nan,0
19.9,9.561359846230346,11.557698641636838,-10,-1.210319371499034,1.0012632617081896,0,nan,nan,nan,0
20.0,9.439805865747562,11.657189421854564,-10,-1.2207380216400983,0.9885341586382127,0,nan,nan,nan,0
20.1,9.317216704174655,11.755401859887598,-10,-1.2310228041006224,0.9756966516579734,0,nan,nan,nan,0
20.200000000000003,9.193605804794647,11.852325185635356,-10,-1.2411725910383105,0.962752148544778,0,nan,nan,nan,0
20.3,9.068986722935623,11.947948770362943,-10,-1.2511862694146474,0.9497020688092642,0,nan,nan,nan,0
20.4,8.943373124484236,12.042262127866719,-10,-1.2610627411169557,0.9365478435397356,0,nan,nan,nan,0
20.5,8.816778784387097,12.135254915624213,-10,-1.270800923078815,0.9232909152452283,0,nan,nan,nan,0
20.6,8.689217585140184,12.226916935928312,-10,-1.2803997473988338,0.9099327376973215,0,nan,nan,nan,0
20.700000000000003,8.560703515266473,12.317238137005562,-10,-1.289858161457757,0.8964747757707155,0,nan,nan,nan,0
20.8,8.431250667781958,12.406208614118427,-10,-1.2991751280338952,0.8829185052825945,0,nan,nan,nan,0
20.9,8.300873238650162,12.493818610651491,-10,-1.308349625416872,0.8692654128307821,0,nan,nan,nan,0
21.0,8.169585525225408,12.580058519181359,-10,-1.3173806475196617,0.8555169956307218,0,nan,nan,nan,0
21.1,8.037401924684948,12.664918882530227,-10,-1.3262672039889203,0.8416747613512899,0,nan,nan,nan,0
21.200000000000003,7.904336932450162,12.74839039480296,-10,-1.3350083203135887,0.8277402279494637,0,nan,nan,nan,0
21.3,7.770405140596953,12.830463902407601,-10,-1.3436030379317583,0.8137149235038584,0,nan,nan,nan,0
21.4,7.635621236255568,12.911130405059154,-10,-1.3520504143357883,0.7996003860471569,0,nan,nan,nan,0
21.5,7.500000000000002,12.990381056766578,-10,-1.3603495231756633,0.7853981633974485,0,nan,nan,nan,0
21.6,7.363556304227111,13.068207166802843,-10,-1.3684994543605766,0.77110981298849,0,nan,nan,nan,0
21.700000000000003,7.226305111525727,13.144600200657955,-10,-1.3764993141587316,0.7567369016989198,0,nan,nan,nan,0
21.8,7.088261473035808,13.219551780974884,-10,-1.384348225295352,0.7422810056804287,0,nan,nan,nan,0
21.9,6.949440526797927,13.293053688468222,-10,-1.3920453270488824,0.7277437101849183,0,nan,nan,nan,0
22.0,6.809857496093202,13.365097862825516,-10,-1.3995897753453763,0.7131266093906595,0,nan,nan,nan,0
22.1,6.669527687773913,13.435676403591193,-10,-1.4069807428510608,0.6984313062274748,0,nan,nan,nan,0
22.200000000000003,6.5284664905849095,13.504781571032904,-10,-1.4142174190630599,0.6836594122009564,0,nan,nan,nan,0
22.3,6.38668937347609,13.572405786990293,-10,-1.4212990103982766,0.6688125472157493,0,nan,nan,nan,0
22.4,6.244211883906018,13.638541635706028,-10,-1.4282247402804193,0.6538923393979076,0,nan,nan,nan,0
22.5,6.101049646137006,13.703181864639014,-10,-1.4349938492251604,0.6389004249163541,0,nan,nan,nan,0
22.6,5.9572183595217085,13.766319385259717,-10,-1.4416055949234228,0.6238384478034545,0,nan,nan,nan,0
22.700000000000003,5.812733796781544,13.827947273827508,-10,-1.4480592523227835,0.6087080597747334,0,nan,nan,nan,0
22.8,5.667611802277006,13.888058772149922,-10,-1.4543541137069826,0.5935109200477415,0,nan,nan,nan,0
22.9,5.521868290270168,13.946647288323772,-10,-1.4604894887735325,0.5782486951601064,0,nan,nan,nan,0
23.0,5.375519243179506,14.003706397458027,-10,-1.4664647047094175,0.5629230587867766,0,nan,nan,nan,0
23.1,5.228580709827227,14.059229842378373,-10,-1.472279106264876,0.5475356915564842,0,nan,nan,nan,0
23.200000000000003,5.081068803679372,14.113211534313383,-10,-1.4779320558252553,0.5320882808674464,0,nan,nan,nan,0
23.3,4.932999701078747,14.165645553562216,-10,-1.4834229334809323,0.5165825207023212,0,nan,nan,nan,0
23.4,4.78438963947105,14.216526150143785,-10,-1.4887511370952966,0.5010201114424456,0,nan,nan,nan,0
23.5,4.635254915624212,14.265847744427303,-10,-1.4939160823707778,0.48540275968136665,0,nan,nan,nan,0
23.6,4.485611883841301,14.313604927744151,-10,-1.498917202912923,0.4697321780376968,0,nan,nan,nan,0
23.700000000000003,4.335476954167074,14.359792462981009,-10,-1.5037539502925072,0.45401008496730444,0,nan,nan,nan,0
23.8,4.1848665905884355,14.404405285154148,-10,-1.5084257941056753,0.43823820457486645,0,nan,nan,nan,0
23.9,4.033797309228985,14.447438501964873,-10,-1.5129322220321058,0.42241826642480185,0,nan,nan,nan,0
24.0,3.882285676537811,14.488887394336025,-10,-1.5172727398911938,0.40655200535160224,0,nan,nan,nan,0
24.1,3.730348307472821,14.528747416929466,-10,-1.521446871696243,0.39064116126959114,0,nan,nan,nan,0
24.200000000000003,3.5780018636787125,14.567014198644541,-10,-1.525454159706663,0.37468747898212107,0,nan,nan,nan,0
24.3,3.4252630516598384,14.603683543097402,-10,-1.5292941644781655,0.3586927079902368,0,nan,nan,nan,0
24.4,3.2721486209481374,14.63875142908121,-10,-1.5329664649109538,0.3426586023008214,0,nan,nan,nan,0
24.5,3.1186753622663885,14.672214011007085,-10,-1.5364706582959031,0.3265869202342524,0,nan,nan,nan,0
24.6,2.9648601056868906,14.704067619325828,-10,-1.5398063603587195,0.31047942423157976,0,nan,nan,nan,0
24.700000000000003,2.810719718785871,14.734308760930329,-10,-1.5429732053020817,0.2943378806612554,0,nan,nan,nan,0
24.8,2.656271104793751,14.762934119538627,-10,-1.545970845845755,0.27816405962542967,0,nan,nan,nan,0
24.9,2.501531200741532,14.789940556057575,-10,-1.5487989532646738,0.26195973476584167,0,nan,nan,nan,0
25.0,2.346516975603464,14.815325108927066,-10,-1.551457217424989,0.2457266830693194,0,nan,nan,nan,0
25.1,2.1912454284361713,14.839084994444825,-10,-1.55394534681808,0.22946668467290982,0,nan,nan,nan,0
25.200000000000003,2.0357335865145663,14.861217607071653,-10,-1.5562630685925198,0.2131815226686721,0,nan,nan,nan,0
25.3,1.8799985034645639,14.881720519717168,-10,-1.5584101285839977,0.19687298290813599,0,nan,nan,nan,0
25.4,1.7240572573930024,14.900591484005947,-10,-1.5603862913431905,0.18054285380646742,0,nan,nan,nan,0
25.5,1.5679269490148018,14.9178284305241,-10,-1.5621913401615823,0.1641929261463453,0,nan,nan,nan,0
25.6,1.4116246997777142,14.9334294690462,-10,-1.5638250770952287,0.14782499288158546,0,nan,nan,nan,0
25.700000000000003,1.2551676499847315,14.947392888742566,-10,-1.5652873229864652,0.1314408489405199,0,nan,nan,nan,0
25.8,1.0985729569144744,14.959717158366871,-10,-1.5665779174835515,0.11504229102916431,0,nan,nan,nan,0
25.9,0.941857792939703,14.970400926424073,-10,-1.5676967190582567,0.09863111743418891,0,nan,nan,nan,0
26.0,0.7850393436441562,14.979443021318607,-10,-1.568643605021381,0.08220912782571446,0,nan,nan,nan,0
26.1,0.6281348059379929,14.986842451482875,-10,-1.5694184715362083,0.06577812305996163,0,nan,nan,nan,0
26.200000000000003,0.4711613861719226,14.992598405485975,-10,-1.5700212336298927,0.04933990498176319,0,nan,nan,nan,0
26.3,0.31413629825035577,14.996710252122682,-10,-1.5704518252027784,0.032896276226973664,0,nan,nan,nan,0
26.4,0.15707676174368804,14.999177540482682,-10,-1.5707101990356473,0.016449040024788152,0,nan,nan,nan,0
26.5,4.249154173235985e-15,15.0,-10,-1.5707963267948963,4.449703844869527e-16,0,nan,nan,nan,0
26.6,-0.15707676174368954,14.999177540482682,-10,-1.5707101990356473,-0.016449040024788312,0,nan,nan,nan,0
26.700000000000003,-0.3141362982503539,14.996710252122682,-10,-1.5704518252027784,-0.03289627622697346,0,nan,nan,nan,0
26.8,-0.47116138617192416,14.992598405485975,-10,-1.5700212336298927,-0.04933990498176335,0,nan,nan,nan,0
26.9,-0.6281348059379943,14.986842451482875,-10,-1.5694184715362083,-0.06577812305996178,0,nan,nan,nan,0
27.0,-0.7850393436441543,14.979443021318607,-10,-1.568643605021381,-0.08220912782571427,0,nan,nan,nan,0
27.1,-0.9418577929397044,14.970400926424073,-10,-1.5676967190582567,-0.09863111743418905,0,nan,nan,nan,0
27.200000000000003,-1.098572956914476,14.959717158366871,-10,-1.5665779174835515,-0.11504229102916447,0,nan,nan,nan,0
27.3,-1.255167649984733,14.947392888742566,-10,-1.5652873229864652,-0.13144084894052008,0,nan,nan,nan,0
27.4,-1.4116246997777124,14.9334294690462,-10,-1.5638250770952287,-0.1478249928815853,0,nan,nan,nan,0
27.5,-1.5679269490148,14.917828430524102,-10,-1.5621913401615823,-0.16419292614634515,0,nan,nan,nan,0
27.6,-1.7240572573930006,14.900591484005947,-10,-1.5603862913431905,-0.18054285380646726,0,nan,nan,nan,0
27.7,-1.879998503464562,14.881720519717168,-10,-1.5584101285839977,-0.1968729829081358,0,nan,nan,nan,0
27.8,-2.0357335865145676,14.861217607071653,-10,-1.5562630685925198,-0.21318152266867224,0,nan,nan,nan,0
27.900000000000002,-2.191245428436176,14.839084994444825,-10,-1.55394534681808,-0.22946668467291034,0,nan,nan,nan,0
28.0,-2.3465169756034623,14.815325108927066,-10,-1.551457217424989,-0.24572668306931922,0,nan,nan,nan,0
28.1,-2.5015312007415336,14.789940556057575,-10,-1.5487989532646738,-0.26195973476584183,0,nan,nan,nan,0
28.2,-2.656271104793749,14.76293411953863,-10,-1.5459708458457553,-0.2781640596254295,0,nan,nan,nan,0
28.3,-2.810719718785869,14.73430876093033,-10,-1.542973205302082,-0.29433788066125516,0,nan,nan,nan,0
28.400000000000002,-2.9648601056868955,14.704067619325826,-10,-1.539806360358719,-0.3104794242315803,0,nan,nan,nan,0
28.5,-3.1186753622663903,14.672214011007085,-10,-1.5364706582959031,-0.32658692023425256,0,nan,nan,nan,0
28.6,-3.2721486209481383,14.63875142908121,-10,-1.5329664649109538,-0.34265860230082146,0,nan,nan,nan,0
28.7,-3.4252630516598366,14.603683543097404,-10,-1.5292941644781655,-0.3586927079902366,0,nan,nan,nan,0
28.8,-3.578001863678714,14.567014198644541,-10,-1.525454159706663,-0.3746874789821212,0,nan,nan,nan,0
28.900000000000002,-3.7303483074728225,14.528747416929466,-10,-1.521446871696243,-0.39064116126959125,0,nan,nan,nan,0
29.0,-3.8822856765378093,14.488887394336025,-10,-1.5172727398911938,-0.4065520053516021,0,nan,nan,nan,0
29.1,-4.033797309228987,14.447438501964871,-10,-1.5129322220321055,-0.422418266424802,0,nan,nan,nan,0
29.2,-4.184866590588435,14.404405285154148,-10,-1.5084257941056753,-0.43823820457486634,0,nan,nan,nan,0
29.3,-4.335476954167076,14.359792462981009,-10,-1.5037539502925072,-0.4540100849673046,0,nan,nan,nan,0
29.400000000000002,-4.485611883841302,14.313604927744151,-10,-1.498917202912923,-0.4697321780376969,0,nan,nan,nan,0
29.5,-4.63525491562421,14.265847744427305,-10,-1.493916082370778,-0.4854027596813665,0,nan,nan,nan,0
29.6,-4.784389639471049,14.216526150143785,-10,-1.4887511370952966,-0.5010201114424455,0,nan,nan,nan,0
29.7,-4.932999701078745,14.165645553562216,-10,-1.4834229334809323,-0.516582520702321,0,nan,nan,nan,0
29.8,-5.081068803679373,14.113211534313383,-10,-1.4779320558252553,-0.5320882808674466,0,nan,nan,nan,0
29.900000000000002,-5.228580709827231,14.059229842378372,-10,-1.472279106264876,-0.5475356915564845,0,nan,nan,nan,0
30.0,-5.375519243179504,14.003706397458027,-10,-1.4664647047094175,-0.5629230587867764,0,nan,nan,nan,0
30.1,-5.521868290270169,13.94664728832377,-10,-1.4604894887735322,-0.5782486951601065,0,nan,nan,nan,0
30.2,-5.667611802277004,13.888058772149922,-10,-1.4543541137069826,-0.5935109200477414,0,nan,nan,nan,0
30.3,-5.812733796781543,13.82794727382751,-10,-1.4480592523227835,-0.6087080597747333,0,nan,nan,nan,0
30.400000000000002,-5.957218359521713,13.766319385259715,-10,-1.4416055949234226,-0.6238384478034551,0,nan,nan,nan,0
30.5,-6.1010496461370005,13.703181864639015,-10,-1.4349938492251606,-0.6389004249163536,0,nan,nan,nan,0
30.6,-6.244211883906021,13.638541635706027,-10,-1.4282247402804191,-0.6538923393979079,0,nan,nan,nan,0
30.700000000000003,-6.386689373476091,13.572405786990291,-10,-1.4212990103982763,-0.6688125472157495,0,nan,nan,nan,0
30.8,-6.528466490584911,13.504781571032902,-10,-1.4142174190630596,-0.6836594122009565,0,nan,nan,nan,0
30.900000000000002,-6.669527687773915,13.435676403591192,-10,-1.4069807428510608,-0.698431306227475,0,nan,nan,nan,0
31.0,-6.8098574960932,13.365097862825518,-10,-1.3995897753453763,-0.7131266093906594,0,nan,nan,nan,0
31.1,-6.949440526797928,13.29305368846822,-10,-1.3920453270488822,-0.7277437101849185,0,nan,nan,nan,0
31.200000000000003,-7.088261473035815,13.21955178097488,-10,-1.3843482252953516,-0.7422810056804293,0,nan,nan,nan,0
31.3,-7.226305111525732,13.144600200657951,-10,-1.3764993141587314,-0.7567369016989203,0,nan,nan,nan,0
31.400000000000002,-7.363556304227112,13.068207166802843,-10,-1.3684994543605766,-0.77110981298849,0,nan,nan,nan,0
31.5,-7.4999999999999964,12.99038105676658,-10,-1.3603495231756635,-0.7853981633974478,0,nan,nan,nan,0
31.6,-7.63562123625557,12.911130405059154,-10,-1.3520504143357883,-0.7996003860471571,0,nan,nan,nan,0
31.700000000000003,-7.770405140596956,12.830463902407597,-10,-1.3436030379317578,-0.8137149235038587,0,nan,nan,nan,0
31.8,-7.904336932450164,12.748390394802959,-10,-1.3350083203135885,-0.8277402279494639,0,nan,nan,nan,0
31.900000000000002,-8.037401924684954,12.664918882530225,-10,-1.3262672039889203,-0.8416747613512905,0,nan,nan,nan,0
32.0,-8.1695855252254,12.580058519181364,-10,-1.317380647519662,-0.855516995630721,0,nan,nan,nan,0
32.1,-8.300873238650166,12.49381861065149,-10,-1.308349625416872,-0.8692654128307825,0,nan,nan,nan,0
32.2,-8.431250667781965,12.406208614118423,-10,-1.2991751280338948,-0.8829185052825953,0,nan,nan,nan,0
32.3,-8.560703515266473,12.317238137005562,-10,-1.289858161457757,-0.8964747757707155,0,nan,nan,nan,0
32.400000000000006,-8.689217585140184,12.226916935928314,-10,-1.2803997473988338,-0.9099327376973215,0,nan,nan,nan,0
32.5,-8.816778784387095,12.135254915624213,-10,-1.270800923078815,-0.9232909152452282,0,nan,nan,nan,0
32.6,-8.94337312448424,12.042262127866717,-10,-1.2610627411169557,-0.9365478435397361,0,nan,nan,nan,0
32.7,-9.068986722935623,11.947948770362945,-10,-1.2511862694146478,-0.9497020688092642,0,nan,nan,nan,0
32.8,-9.193605804794649,11.852325185635355,-10,-1.2411725910383105,-0.9627521485447782,0,nan,nan,nan,0
32.900000000000006,-9.31721670417466,11.755401859887593,-10,-1.2310228041006217,-0.9756966516579738,0,nan,nan,nan,0
33.0,-9.439805865747559,11.657189421854564,-10,-1.2207380216400983,-0.9885341586382121,0,nan,nan,nan,0
33.1,-9.561359846230346,11.557698641636838,-10,-1.210319371499034,-1.0012632617081896,0,nan,nan,nan,0
33.2,-9.68186531585926,11.45694042951963,-10,-1.1997679961998253,-1.0138825649783092,0,nan,nan,nan,0
33.3,-9.801309059851583,11.354925834776346,-10,-1.1890850528196772,-1.0263906845997606,0,nan,nan,nan,0
33.400000000000006,-9.91967797985478,11.25166604445689,-10,-1.1782717128637163,-1.0387862489162738,0,nan,nan,nan,0
33.5,-10.03695909538287,11.147172382160917,-10,-1.1673291621365256,-1.0510678986145359,0,nan,nan,nan,0
33.6,-10.153139545239915,11.041456306796011,-10,-1.1562586006121012,-1.0632342868732576,0,nan,nan,nan,0
33.7,-10.268206588930331,10.934529411321172,-10,-1.1450612423022706,-1.0752840795108614,0,nan,nan,nan,0
33.8,-10.382147608056101,10.826403421475433,-10,-1.133738315123554,-1.0872159551317964,0,nan,nan,nan,0
33.900000000000006,-10.494950107700483,10.717090194492048,-10,-1.122291060762514,-1.0990286052714415,0,nan,nan,nan,0
34.0,-10.606601717798211,10.606601717798213,-10,-1.1107207345395915,-1.1107207345395913,0,nan,nan,nan,0
34.1,-10.717090194492052,10.494950107700479,-10,-1.099028605271441,-1.1222910607625145,0,nan,nan,nan,0
34.2,-10.826403421475433,10.382147608056101,-10,-1.0872159551317964,-1.133738315123554,0,nan,nan,nan,0
34.3,-10.934529411321176,10.268206588930328,-10,-1.075284079510861,-1.145061242302271,0,nan,nan,nan,0
34.400000000000006,-11.04145630679602,10.153139545239906,-10,-1.0632342868732567,-1.156258600612102,0,nan,nan,nan,0
34.5,-11.14717238216091,10.036959095382874,-10,-1.0510678986145365,-1.167329162136525,0,nan,nan,nan,0
34.6,-11.251666044456893,9.919677979854777,-10,-1.0387862489162736,-1.1782717128637166,0,nan,nan,nan,0
34.7,-11.354925834776349,9.80130905985158,-10,-1.0263906845997601,-1.1890850528196777,0,nan,nan,nan,0
34.8,-11.456940429519634,9.681865315859257,-10,-1.0138825649783088,-1.1997679961998255,0,nan,nan,nan,0
34.900000000000006,-11.557698641636836,9.561359846230348,-10,-1.0012632617081898,-1.2103193714990337,0,nan,nan,nan,0
35.0,-11.657189421854564,9.43980586574756,-10,-0.9885341586382125,-1.2207380216400983,0,nan,nan,nan,0
35.1,-11.755401859887598,9.317216704174653,-10,-0.9756966516579731,-1.2310228041006224,0,nan,nan,nan,0
35.2,-11.852325185635356,9.193605804794645,-10,-0.9627521485447779,-1.2411725910383105,0,nan,nan,nan,0
35.3,-11.947948770362943,9.068986722935625,-10,-0.9497020688092643,-1.2511862694146474,0,nan,nan,nan,0
35.400000000000006,-12.042262127866719,8.943373124484236,-10,-0.9365478435397356,-1.2610627411169557,0,nan,nan,nan,0
35.5,-12.13525491562421,8.816778784387099,-10,-0.9232909152452285,-1.2708009230788149,0,nan,nan,nan,0
35.6,-12.226916935928315,8.689217585140181,-10,-0.9099327376973212,-1.280399747398834,0,nan,nan,nan,0
35.7,-12.31723813700556,8.560703515266475,-10,-0.8964747757707159,-1.2898581614577567,0,nan,nan,nan,0
35.8,-12.406208614118428,8.431250667781956,-10,-0.8829185052825944,-1.2991751280338955,0,nan,nan,nan,0
35.900000000000006,-12.493818610651491,8.300873238650162,-10,-0.8692654128307821,-1.308349625416872,0,nan,nan,nan,0
36.0,-12.580058519181359,8.16958552522541,-10,-0.8555169956307219,-1.3173806475196617,0,nan,nan,nan,0
36.1,-12.66491888253023,8.037401924684943,-10,-0.8416747613512893,-1.3262672039889207,0,nan,nan,nan,0
36.2,-12.74839039480296,7.9043369324501604,-10,-0.8277402279494636,-1.3350083203135887,0,nan,nan,nan,0
36.3,-12.8304639024076,7.770405140596953,-10,-0.8137149235038584,-1.343603037931758,0,nan,nan,nan,0
36.400000000000006,-12.911130405059152,7.635621236255571,-10,-0.7996003860471572,-1.352050414335788,0,nan,nan,nan,0
36.5,-12.99038105676658,7.499999999999999,-10,-0.7853981633974482,-1.3603495231756635,0,nan,nan,nan,0
36.6,-13.068207166802845,7.363556304227109,-10,-0.7711098129884898,-1.3684994543605766,0,nan,nan,nan,0
36.7,-13.144600200657953,7.226305111525728,-10,-0.7567369016989199,-1.3764993141587316,0,nan,nan,nan,0
36.8,-13.219551780974886,7.088261473035806,-10,-0.7422810056804285,-1.384348225295352,0,nan,nan,nan,0
36.900000000000006,-13.293053688468222,6.9494405267979245,-10,-0.727743710184918,-1.3920453270488824,0,nan,nan,nan,0
37.0,-13.365097862825516,6.809857496093203,-10,-0.7131266093906596,-1.3995897753453763,0,nan,nan,nan,0
37.1,-13.43567640359119,6.6695276877739165,-10,-0.6984313062274752,-1.4069807428510606,0,nan,nan,nan,0
37.2,-13.504781571032904,6.528466490584908,-10,-0.6836594122009562,-1.4142174190630599,0,nan,nan,nan,0
37.3,-13.572405786990293,6.386689373476087,-10,-0.6688125472157491,-1.4212990103982766,0,nan,nan,nan,0
37.400000000000006,-13.638541635706028,6.244211883906019,-10,-0.6538923393979077,-1.4282247402804193,0,nan,nan,nan,0
37.5,-13.703181864639015,6.1010496461370005,-10,-0.6389004249163536,-1.4349938492251606,0,nan,nan,nan,0
37.6,-13.766319385259717,5.957218359521709,-10,-0.6238384478034547,-1.4416055949234228,0,nan,nan,nan,0
37.7,-13.82794727382751,5.812733796781542,-10,-0.6087080597747332,-1.4480592523227835,0,nan,nan,nan,0
37.8,-13.888058772149922,5.667611802277007,-10,-0.5935109200477416,-1.4543541137069826,0,nan,nan,nan,0
37.900000000000006,-13.94664728832377,5.521868290270172,-10,-0.5782486951601068,-1.4604894887735322,0,nan,nan,nan,0
38.0,-14.003706397458027,5.375519243179503,-10,-0.5629230587867763,-1.4664647047094175,0,nan,nan,nan,0
38.1,-14.059229842378372,5.22858070982723,-10,-0.5475356915564844,-1.472279106264876,0,nan,nan,nan,0
38.2,-14.113211534313383,5.081068803679369,-10,-0.5320882808674462,-1.4779320558252553,0,nan,nan,nan,0
38.3,-14.165645553562216,4.932999701078744,-10,-0.5165825207023209,-1.4834229334809323,0,nan,nan,nan,0
38.400000000000006,-14.216526150143787,4.784389639471048,-10,-0.5010201114424454,-1.4887511370952968,0,nan,nan,nan,0
38.5,-14.265847744427303,4.635254915624213,-10,-0.48540275968136676,-1.4939160823707778,0,nan,nan,nan,0
38.6,-14.313604927744151,4.485611883841305,-10,-0.4697321780376972,-1.498917202912923,0,nan,nan,nan,0
38.7,-14.35979246298101,4.335476954167069,-10,-0.45401008496730383,-1.5037539502925072,0,nan,nan,nan,0
38.8,-14.404405285154146,4.184866590588436,-10,-0.4382382045748665,-1.5084257941056751,0,nan,nan,nan,0
38.900000000000006,-14.447438501964871,4.033797309228986,-10,-0.4224182664248019,-1.5129322220321055,0,nan,nan,nan,0
39.0,-14.488887394336025,3.8822856765378084,-10,-0.40655200535160196,-1.5172727398911938,0,nan,nan,nan,0
39.1,-14.528747416929466,3.7303483074728225,-10,-0.39064116126959125,-1.521446871696243,0,nan,nan,nan,0
39.2,-14.567014198644541,3.5780018636787103,-10,-0.3746874789821208,-1.525454159706663,0,nan,nan,nan,0
39.3,-14.603683543097402,3.4252630516598424,-10,-0.3586927079902372,-1.5292941644781655,0,nan,nan,nan,0
39.400000000000006,-14.63875142908121,3.2721486209481347,-10,-0.34265860230082107,-1.5329664649109538,0,nan,nan,nan,0
39.5,-14.672214011007085,3.11867536226639,-10,-0.32658692023425256,-1.5364706582959031,0,nan,nan,nan,0
39.6,-14.704067619325826,2.964860105686895,-10,-0.31047942423158026,-1.539806360358719,0,nan,nan,nan,0
39.7,-14.73430876093033,2.810719718785869,-10,-0.29433788066125516,-1.542973205302082,0,nan,nan,nan,0
39.8,-14.762934119538627,2.6562711047937517,-10,-0.27816405962542984,-1.545970845845755,0,nan,nan,nan,0
39.900000000000006,-14.789940556057575,2.5015312007415327,-10,-0.2619597347658418,-1.5487989532646738,0,nan,nan,nan,0
40.0,-14.815325108927064,2.3465169756034645,-10,-0.24572668306931947,-1.551457217424989,0,nan,nan,nan,0
40.1,-14.839084994444825,2.191245428436172,-10,-0.2294666846729099,-1.55394534681808,0,nan,nan,nan,0
40.2,-14.861217607071655,2.0357335865145605,-10,-0.2131815226686715,-1.55626306859252,0,nan,nan,nan,0
40.3,-14.881720519717167,1.879998503464568,-10,-0.19687298290813643,-1.5584101285839975,0,nan,nan,nan,0
40.400000000000006,-14.900591484005947,1.724057257393,-10,-0.1805428538064672,-1.5603862913431905,0,nan,nan,nan,0
40.5,-14.917828430524102,1.5679269490147993,-10,-0.16419292614634504,-1.5621913401615823,0,nan,nan,nan,0
40.6,-14.9334294690462,1.4116246997777153,-10,-0.1478249928815856,-1.5638250770952287,0,nan,nan,nan,0
40.7,-14.947392888742566,1.2551676499847293,-10,-0.1314408489405197,-1.5652873229864652,0,nan,nan,nan,0
40.8,-14.959717158366871,1.0985729569144753,-10,-0.1150422910291644,-1.5665779174835515,0,nan,nan,nan,0
40.900000000000006,-14.970400926424073,0.9418577929396971,-10,-0.0986311174341883,-1.5676967190582567,0,nan,nan,nan,0
41.0,-14.979443021318607,0.7850393436441571,-10,-0.08220912782571457,-1.568643605021381,0,nan,nan,nan,0
41.1,-14.986842451482875,0.6281348059379972,-10,-0.06577812305996207,-1.5694184715362083,0,nan,nan,nan,0
41.2,-14.992598405485975,0.4711613861719169,-10,-0.049339904981762585,-1.5700212336298927,0,nan,nan,nan,0
41.3,-14.996710252122682,0.31413629825035666,-10,-0.032896276226973754,-1.5704518252027784,0,nan,nan,nan,0
41.400000000000006,-14.999177540482682,0.15707676174368562,-10,-0.016449040024787902,-1.5707101990356473,0,nan,nan,nan,0
41.5,-15.0,8.49830834647197e-15,-10,-8.899407689739054e-16,-1.5707963267948963,0,nan,nan,nan,0
41.6,-14.999177540482682,-0.1570767617436886,-10,0.01644904002478821,-1.5707101990356473,0,nan,nan,nan,0
41.7,-14.996710252122682,-0.31413629825035966,-10,0.032896276226974074,-1.5704518252027784,0,nan,nan,nan,0
41.8,-14.992598405485975,-0.4711613861719199,-10,0.0493399049817629,-1.5700212336298927,0,nan,nan,nan,0
41.900000000000006,-14.986842451482875,-0.6281348059379935,-10,0.0657781230599617,-1.5694184715362083,0,nan,nan,nan,0
42.0,-14.979443021318607,-0.7850393436441535,-10,0.0822091278257142,-1.568643605021381,0,nan,nan,nan,0
42.1,-14.970400926424073,-0.9418577929397002,-10,0.0986311174341886,-1.5676967190582567,0,nan,nan,nan,0
42.2,-14.959717158366871,-1.0985729569144782,-10,0.1150422910291647,-1.5665779174835515,0,nan,nan,nan,0
42.3,-14.947392888742566,-1.2551676499847322,-10,0.13144084894052,-1.5652873229864652,0,nan,nan,nan,0
42.400000000000006,-14.9334294690462,-1.4116246997777182,-10,0.14782499288158588,-1.5638250770952287,0,nan,nan,nan,0
42.5,-14.917828430524102,-1.5679269490147958,-10,0.1641929261463447,-1.5621913401615823,0,nan,nan,nan,0
42.6,-14.900591484005947,-1.7240572573929964,-10,0.1805428538064668,-1.5603862913431905,0,nan,nan,nan,0
42.7,-14.881720519717167,-1.879998503464571,-10,0.1968729829081367,-1.5584101285839975,0,nan,nan,nan,0
42.8,-14.861217607071653,-2.0357335865145636,-10,0.21318152266867182,-1.5562630685925198,0,nan,nan,nan,0
42.900000000000006,-14.839084994444825,-2.1912454284361758,-10,0.2294666846729103,-1.55394534681808,0,nan,nan,nan,0
43.0,-14.815325108927066,-2.346516975603461,-10,0.2457266830693191,-1.551457217424989,0,nan,nan,nan,0
43.1,-14.789940556057573,-2.5015312007415353,-10,0.26195973476584206,-1.5487989532646735,0,nan,nan,nan,0
43.2,-14.762934119538627,-2.6562711047937544,-10,0.27816405962543006,-1.545970845845755,0,nan,nan,nan,0
43.3,-14.73430876093033,-2.810719718785865,-10,0.2943378806612547,-1.542973205302082,0,nan,nan,nan,0
43.400000000000006,-14.704067619325826,-2.9648601056868977,-10,0.31047942423158054,-1.539806360358719,0,nan,nan,nan,0
43.5,-14.672214011007085,-3.118675362266386,-10,0.3265869202342522,-1.5364706582959031,0,nan,nan,nan,0
43.6,-14.63875142908121,-3.272148620948138,-10,0.34265860230082146,-1.5329664649109538,0,nan,nan,nan,0
43.7,-14.603683543097402,-3.4252630516598392,-10,0.3586927079902369,-1.5292941644781655,0,nan,nan,nan,0
43.800000000000004,-14.56701419864454,-3.5780018636787196,-10,0.37468747898212185,-1.525454159706663,0,nan,nan,nan,0
43.9,-14.528747416929468,-3.7303483074728185,-10,0.39064116126959086,-1.5214468716962435,0,nan,nan,nan,0
44.0,-14.488887394336027,-3.8822856765378053,-10,0.40655200535160163,-1.517272739891194,0,nan,nan,nan,0
44.1,-14.447438501964871,-4.033797309228989,-10,0.42241826642480224,-1.5129322220321055,0,nan,nan,nan,0
44.2,-14.404405285154144,-4.184866590588446,-10,0.43823820457486756,-1.5084257941056751,0,nan,nan,nan,0
44.300000000000004,-14.359792462981007,-4.335476954167078,-10,0.4540100849673048,-1.503753950292507,0,nan,nan,nan,0
44.4,-14.313604927744151,-4.485611883841301,-10,0.4697321780376968,-1.498917202912923,0,nan,nan,nan,0
44.5,-14.265847744427305,-4.635254915624209,-10,0.48540275968136637,-1.493916082370778,0,nan,nan,nan,0
44.6,-14.216526150143785,-4.78438963947105,-10,0.5010201114424456,-1.4887511370952966,0,nan,nan,nan,0
44.7,-14.165645553562216,-4.932999701078747,-10,0.5165825207023212,-1.4834229334809323,0,nan,nan,nan,0
44.800000000000004,-14.113211534313383,-5.081068803679372,-10,0.5320882808674464,-1.4779320558252553,0,nan,nan,nan,0
44.9,-14.059229842378373,-5.228580709827227,-10,0.5475356915564842,-1.472279106264876,0,nan,nan,nan,0
45.0,-14.003706397458028,-5.3755192431795,-10,0.5629230587867761,-1.4664647047094175,0,nan,nan,nan,0
45.1,-13.946647288323772,-5.521868290270168,-10,0.5782486951601064,-1.4604894887735325,0,nan,nan,nan,0
45.2,-13.888058772149922,-5.667611802277009,-10,0.593510920047742,-1.4543541137069826,0,nan,nan,nan,0
45.300000000000004,-13.827947273827506,-5.812733796781551,-10,0.6087080597747342,-1.4480592523227833,0,nan,nan,nan,0
45.4,-13.766319385259719,-5.957218359521706,-10,0.6238384478034543,-1.441605594923423,0,nan,nan,nan,0
45.5,-13.703181864639014,-6.101049646137003,-10,0.6389004249163539,-1.4349938492251604,0,nan,nan,nan,0
45.6,-13.638541635706027,-6.24421188390602,-10,0.6538923393979078,-1.4282247402804191,0,nan,nan,nan,0
45.7,-13.572405786990291,-6.38668937347609,-10,0.6688125472157493,-1.4212990103982763,0,nan,nan,nan,0
45.800000000000004,-13.5047815710329,-6.528466490584916,-10,0.6836594122009569,-1.4142174190630596,0,nan,nan,nan,0
45.9,-13.435676403591192,-6.669527687773914,-10,0.6984313062274748,-1.4069807428510608,0,nan,nan,nan,0
46.0,-13.365097862825518,-6.8098574960932,-10,0.7131266093906594,-1.3995897753453763,0,nan,nan,nan,0
46.1,-13.29305368846822,-6.949440526797927,-10,0.7277437101849183,-1.3920453270488822,0,nan,nan,nan,0
46.2,-13.219551780974884,-7.088261473035809,-10,0.7422810056804288,-1.384348225295352,0,nan,nan,nan,0
46.300000000000004,-13.144600200657951,-7.226305111525731,-10,0.7567369016989202,-1.3764993141587314,0,nan,nan,nan,0
46.4,-13.068207166802846,-7.363556304227106,-10,0.7711098129884895,-1.3684994543605769,0,nan,nan,nan,0
46.5,-12.990381056766582,-7.499999999999996,-10,0.7853981633974478,-1.3603495231756635,0,nan,nan,nan,0
46.6,-12.911130405059154,-7.635621236255568,-10,0.7996003860471569,-1.3520504143357883,0,nan,nan,nan,0
46.7,-12.830463902407597,-7.770405140596956,-10,0.8137149235038587,-1.3436030379317578,0,nan,nan,nan,0
46.800000000000004,-12.748390394802955,-7.904336932450169,-10,0.8277402279494644,-1.335008320313588,0,nan,nan,nan,0
46.9,-12.66491888253023,-8.037401924684941,-10,0.8416747613512892,-1.3262672039889207,0,nan,nan,nan,0
47.0,-12.58005851918136,-8.169585525225406,-10,0.8555169956307215,-1.3173806475196619,0,nan,nan,nan,0
47.1,-12.49381861065149,-8.300873238650166,-10,0.8692654128307825,-1.308349625416872,0,nan,nan,nan,0
47.2,-12.406208614118427,-8.431250667781958,-10,0.8829185052825945,-1.2991751280338952,0,nan,nan,nan,0
47.300000000000004,-12.317238137005559,-8.560703515266479,-10,0.8964747757707162,-1.2898581614577564,0,nan,nan,nan,0
47.4,-12.226916935928317,-8.689217585140177,-10,0.9099327376973209,-1.2803997473988342,0,nan,nan,nan,0
47.5,-12.135254915624213,-8.816778784387095,-10,0.9232909152452282,-1.270800923078815,0,nan,nan,nan,0
47.6,-12.042262127866717,-8.943373124484237,-10,0.9365478435397357,-1.2610627411169557,0,nan,nan,nan,0
47.7,-11.947948770362945,-9.068986722935621,-10,0.949702068809264,-1.2511862694146478,0,nan,nan,nan,0
47.800000000000004,-11.85232518563535,-9.193605804794654,-10,0.9627521485447788,-1.2411725910383098,0,nan,nan,nan,0
47.9,-11.755401859887602,-9.31721670417465,-10,0.9756966516579728,-1.2310228041006226,0,nan,nan,nan,0
48.0,-11.657189421854564,-9.439805865747557,-10,0.988534158638212,-1.2207380216400983,0,nan,nan,nan,0
48.1,-11.557698641636836,-9.56135984623035,-10,1.00126326170819,-1.2103193714990337,0,nan,nan,nan,0
48.2,-11.45694042951963,-9.68186531585926,-10,1.0138825649783092,-1.1997679961998253,0,nan,nan,nan,0
48.300000000000004,-11.354925834776342,-9.801309059851585,-10,1.0263906845997606,-1.1890850528196768,0,nan,nan,nan,0
48.4,-11.251666044456895,-9.919677979854775,-10,1.0387862489162734,-1.1782717128637168,0,nan,nan,nan,0
48.5,-11.147172382160914,-10.036959095382873,-10,1.0510678986145363,-1.1673291621365254,0,nan,nan,nan,0
48.6,-11.041456306796013,-10.153139545239915,-10,1.0632342868732576,-1.1562586006121014,0,nan,nan,nan,0
48.7,-10.934529411321174,-10.268206588930331,-10,1.0752840795108614,-1.145061242302271,0,nan,nan,nan,0
48.800000000000004,-10.826403421475431,-10.382147608056105,-10,1.0872159551317968,-1.1337383151235538,0,nan,nan,nan,0
48.9,-10.717090194492055,-10.494950107700477,-10,1.099028605271441,-1.122291060762515,0,nan,nan,nan,0
49.0,-10.606601717798215,-10.606601717798211,-10,1.1107207345395913,-1.1107207345395917,0,nan,nan,nan,0
49.1,-10.494950107700484,-10.717090194492048,-10,1.122291060762514,-1.0990286052714417,0,nan,nan,nan,0
49.2,-10.3821476080561,-10.826403421475435,-10,1.1337383151235543,-1.0872159551317961,0,nan,nan,nan,0
49.300000000000004,-10.268206588930324,-10.934529411321178,-10,1.1450612423022712,-1.0752840795108607,0,nan,nan,nan,0
49.4,-10.153139545239917,-11.04145630679601,-10,1.1562586006121012,-1.0632342868732578,0,nan,nan,nan,0
49.5,-10.036959095382876,-11.14717238216091,-10,1.167329162136525,-1.0510678986145365,0,nan,nan,nan,0
49.6,-9.919677979854779,-11.251666044456892,-10,1.1782717128637166,-1.0387862489162738,0,nan,nan,nan,0
49.7,-9.801309059851574,-11.354925834776353,-10,1.189085052819678,-1.0263906845997597,0,nan,nan,nan,0
49.800000000000004,-9.681865315859259,-11.456940429519632,-10,1.1997679961998253,-1.013882564978309,0,nan,nan,nan,0
49.900000000000006,-9.561359846230342,-11.55769864163684,-10,1.2103193714990341,-1.0012632617081894,0,nan,nan,nan,0
50.0,-9.439805865747568,-11.657189421854559,-10,1.2207380216400978,-0.9885341586382131,0,nan,nan,nan,0
50.1,-9.317216704174658,-11.755401859887595,-10,1.231022804100622,-0.9756966516579737,0,nan,nan,nan,0
50.2,-9.193605804794647,-11.852325185635356,-10,1.2411725910383105,-0.962752148544778,0,nan,nan,nan,0
50.300000000000004,-9.06898672293562,-11.947948770362947,-10,1.251186269414648,-0.9497020688092639,0,nan,nan,nan,0
50.400000000000006,-8.94337312448423,-12.042262127866723,-10,1.2610627411169562,-0.9365478435397351,0,nan,nan,nan,0
50.5,-8.816778784387099,-12.13525491562421,-10,1.2708009230788149,-0.9232909152452285,0,nan,nan,nan,0
50.6,-8.689217585140181,-12.226916935928315,-10,1.280399747398834,-0.9099327376973212,0,nan,nan,nan,0
50.7,-8.560703515266471,-12.317238137005564,-10,1.2898581614577571,-0.8964747757707154,0,nan,nan,nan,0
50.800000000000004,-8.431250667781953,-12.406208614118432,-10,1.2991751280338957,-0.8829185052825941,0,nan,nan,nan,0
50.900000000000006,-8.300873238650151,-12.493818610651498,-10,1.3083496254168727,-0.869265412830781,0,nan,nan,nan,0
51.0,-8.169585525225404,-12.58005851918136,-10,1.3173806475196619,-0.8555169956307214,0,nan,nan,nan,0
51.1,-8.037401924684945,-12.66491888253023,-10,1.3262672039889207,-0.8416747613512895,0,nan,nan,nan,0
51.2,-7.9043369324501676,-12.748390394802957,-10,1.3350083203135883,-0.8277402279494642,0,nan,nan,nan,0
51.300000000000004,-7.770405140596955,-12.8304639024076,-10,1.343603037931758,-0.8137149235038585,0,nan,nan,nan,0
51.400000000000006,-7.635621236255567,-12.911130405059156,-10,1.3520504143357885,-0.7996003860471568,0,nan,nan,nan,0
51.5,-7.500000000000007,-12.990381056766577,-10,1.360349523175663,-0.7853981633974491,0,nan,nan,nan,0
51.6,-7.3635563042271155,-13.068207166802841,-10,1.3684994543605764,-0.7711098129884905,0,nan,nan,nan,0
51.7,-7.226305111525729,-13.144600200657953,-10,1.3764993141587316,-0.75673690169892,0,nan,nan,nan,0
51.800000000000004,-7.088261473035807,-13.219551780974886,-10,1.384348225295352,-0.7422810056804285,0,nan,nan,nan,0
51.900000000000006,-6.949440526797919,-13.293053688468225,-10,1.3920453270488826,-0.7277437101849175,0,nan,nan,nan,0
52.0,-6.809857496093204,-13.365097862825516,-10,1.3995897753453763,-0.7131266093906597,0,nan,nan,nan,0
52.1,-6.669527687773911,-13.435676403591193,-10,1.4069807428510608,-0.6984313062274746,0,nan,nan,nan,0
52.2,-6.528466490584909,-13.504781571032904,-10,1.4142174190630599,-0.6836594122009563,0,nan,nan,nan,0
52.300000000000004,-6.386689373476083,-13.572405786990297,-10,1.421299010398277,-0.6688125472157487,0,nan,nan,nan,0
52.400000000000006,-6.244211883906007,-13.638541635706034,-10,1.4282247402804198,-0.6538923393979065,0,nan,nan,nan,0
52.5,-6.101049646137013,-13.703181864639008,-10,1.4349938492251597,-0.6389004249163548,0,nan,nan,nan,0
52.6,-5.957218359521704,-13.766319385259719,-10,1.441605594923423,-0.6238384478034541,0,nan,nan,nan,0
52.7,-5.8127337967815365,-13.827947273827512,-10,1.448059252322784,-0.6087080597747326,0,nan,nan,nan,0
52.800000000000004,-5.6676118022770074,-13.888058772149922,-10,1.4543541137069826,-0.5935109200477418,0,nan,nan,nan,0
52.900000000000006,-5.521868290270155,-13.946647288323778,-10,1.460489488773533,-0.578248695160105,0,nan,nan,nan,0
53.0,-5.3755192431794985,-14.003706397458028,-10,1.4664647047094175,-0.562923058786776,0,nan,nan,nan,0
53.1,-5.228580709827232,-14.059229842378372,-10,1.472279106264876,-0.5475356915564846,0,nan,nan,nan,0
53.2,-5.08106880367937,-14.113211534313383,-10,1.4779320558252553,-0.5320882808674463,0,nan,nan,nan,0
53.300000000000004,-4.932999701078745,-14.165645553562216,-10,1.4834229334809323,-0.516582520702321,0,nan,nan,nan,0
53.400000000000006,-4.784389639471042,-14.216526150143789,-10,1.488751137095297,-0.5010201114424448,0,nan,nan,nan,0
53.5,-4.6352549156242135,-14.265847744427303,-10,1.4939160823707778,-0.48540275968136687,0,nan,nan,nan,0
53.6,-4.485611883841299,-14.313604927744153,-10,1.4989172029129232,-0.46973217803769657,0,nan,nan,nan,0
53.7,-4.33547695416707,-14.35979246298101,-10,1.5037539502925072,-0.45401008496730394,0,nan,nan,nan,0
53.800000000000004,-4.184866590588431,-14.404405285154148,-10,1.5084257941056753,-0.43823820457486595,0,nan,nan,nan,0
53.900000000000006,-4.033797309228987,-14.447438501964871,-10,1.5129322220321055,-0.422418266424802,0,nan,nan,nan,0
54.0,-3.8822856765378093,-14.488887394336025,-10,1.5172727398911938,-0.4065520053516021,0,nan,nan,nan,0
54.1,-3.7303483074728163,-14.528747416929468,-10,1.5214468716962435,-0.39064116126959064,0,nan,nan,nan,0
54.2,-3.5780018636787174,-14.56701419864454,-10,1.525454159706663,-0.37468747898212157,0,nan,nan,nan,0
54.300000000000004,-3.425263051659824,-14.603683543097405,-10,1.5292941644781657,-0.3586927079902353,0,nan,nan,nan,0
54.400000000000006,-3.2721486209481356,-14.63875142908121,-10,1.5329664649109538,-0.3426586023008212,0,nan,nan,nan,0
54.5,-3.118675362266397,-14.672214011007084,-10,1.536470658295903,-0.3265869202342533,0,nan,nan,nan,0
54.6,-2.964860105686883,-14.70406761932583,-10,1.5398063603587195,-0.310479424231579,0,nan,nan,nan,0
54.7,-2.8107197187858692,-14.73430876093033,-10,1.542973205302082,-0.2943378806612552,0,nan,nan,nan,0
54.800000000000004,-2.656271104793746,-14.76293411953863,-10,1.5459708458457553,-0.2781640596254292,0,nan,nan,nan,0
54.900000000000006,-2.5015312007415273,-14.789940556057575,-10,1.5487989532646738,-0.2619597347658412,0,nan,nan,nan,0
55.0,-2.3465169756034654,-14.815325108927064,-10,1.551457217424989,-0.24572668306931955,0,nan,nan,nan,0
55.1,-2.1912454284361735,-14.839084994444825,-10,1.55394534681808,-0.22946668467291004,0,nan,nan,nan,0
55.2,-2.0357335865145614,-14.861217607071653,-10,1.5562630685925198,-0.21318152266867157,0,nan,nan,nan,0
55.300000000000004,-1.8799985034645559,-14.881720519717168,-10,1.5584101285839977,-0.19687298290813515,0,nan,nan,nan,0
55.400000000000006,-1.7240572573929878,-14.900591484005949,-10,1.5603862913431905,-0.18054285380646592,0,nan,nan,nan,0
55.5,-1.5679269490148136,-14.9178284305241,-10,1.5621913401615823,-0.16419292614634656,0,nan,nan,nan,0
55.6,-1.4116246997777229,-14.9334294690462,-10,1.5638250770952287,-0.14782499288158638,0,nan,nan,nan,0
55.7,-1.2551676499847235,-14.947392888742566,-10,1.5652873229864652,-0.13144084894051908,0,nan,nan,nan,0
55.800000000000004,-1.0985729569144764,-14.959717158366871,-10,1.5665779174835515,-0.11504229102916451,0,nan,nan,nan,0
55.900000000000006,-0.9418577929396981,-14.970400926424073,-10,1.5676967190582567,-0.09863111743418841,0,nan,nan,nan,0
56.0,-0.7850393436441514,-14.979443021318609,-10,1.5686436050213812,-0.08220912782571398,0,nan,nan,nan,0
56.1,-0.6281348059379981,-14.986842451482875,-10,1.5694184715362083,-0.06577812305996217,0,nan,nan,nan,0
56.2,-0.4711613861719245,-14.992598405485975,-10,1.5700212336298927,-0.04933990498176339,0,nan,nan,nan,0
56.300000000000004,-0.31413629825035094,-14.996710252122682,-10,1.5704518252027784,-0.03289627622697316,0,nan,nan,nan,0
56.400000000000006,-0.15707676174367988,-14.999177540482682,-10,1.5707101990356473,-0.0164490400247873,0,nan,nan,nan,0
56.5,-2.7554552980815444e-15,-15.0,-10,1.5707963267948963,-2.885506040582684e-16,0,nan,nan,nan,0
56.6,0.15707676174367435,-14.999177540482682,-10,1.5707101990356473,0.01644904002478672,0,nan,nan,nan,0
56.7,0.3141362982503587,-14.996710252122682,-10,1.5704518252027784,0.03289627622697397,0,nan,nan,nan,0
56.800000000000004,0.47116138617193226,-14.992598405485973,-10,1.5700212336298924,0.0493399049817642,0,nan,nan,nan,0
56.900000000000006,0.6281348059379925,-14.986842451482875,-10,1.5694184715362083,0.06577812305996159,0,nan,nan,nan,0
57.0,0.7850393436441592,-14.979443021318607,-10,1.568643605021381,0.0822091278257148,0,nan,nan,nan,0
57.1,0.9418577929397058,-14.970400926424073,-10,1.5676967190582567,0.09863111743418922,0,nan,nan,nan,0
57.2,1.0985729569144707,-14.959717158366871,-10,1.5665779174835515,0.11504229102916391,0,nan,nan,nan,0
57.300000000000004,1.2551676499847446,-14.947392888742565,-10,1.5652873229864652,0.1314408489405213,0,nan,nan,nan,0
57.400000000000006,1.4116246997777173,-14.9334294690462,-10,1.5638250770952287,0.1478249928815858,0,nan,nan,nan,0
57.5,1.5679269490147947,-14.917828430524102,-10,1.5621913401615823,0.16419292614634456,0,nan,nan,nan,0
57.6,1.7240572573929953,-14.900591484005947,-10,1.5603862913431905,0.1805428538064667,0,nan,nan,nan,0
57.7,1.8799985034645634,-14.881720519717168,-10,1.5584101285839977,0.1968729829081359,0,nan,nan,nan,0
57.800000000000004,2.035733586514569,-14.861217607071653,-10,1.5562630685925198,0.21318152266867238,0,nan,nan,nan,0
57.900000000000006,2.191245428436181,-14.839084994444823,-10,1.5539453468180797,0.22946668467291084,0,nan,nan,nan,0
58.0,2.34651697560346,-14.815325108927066,-10,1.551457217424989,0.24572668306931902,0,nan,nan,nan,0
58.1,2.5015312007415345,-14.789940556057573,-10,1.5487989532646735,0.26195973476584195,0,nan,nan,nan,0
58.2,2.6562711047937535,-14.762934119538627,-10,1.545970845845755,0.27816405962543,0,nan,nan,nan,0
58.300000000000004,2.810719718785864,-14.73430876093033,-10,1.542973205302082,0.29433788066125466,0,nan,nan,nan,0
58.400000000000006,2.964860105686903,-14.704067619325825,-10,1.5398063603587189,0.3104794242315811,0,nan,nan,nan,0
58.5,3.118675362266391,-14.672214011007084,-10,1.536470658295903,0.32658692023425273,0,nan,nan,nan,0
58.6,3.2721486209481303,-14.638751429081212,-10,1.532966464910954,0.3426586023008206,0,nan,nan,nan,0
58.7,3.4252630516598446,-14.603683543097402,-10,1.5292941644781655,0.35869270799023745,0,nan,nan,nan,0
58.800000000000004,3.578001863678712,-14.567014198644541,-10,1.525454159706663,0.374687478982121,0,nan,nan,nan,0
58.900000000000006,3.730348307472824,-14.528747416929466,-10,1.521446871696243,0.39064116126959136,0,nan,nan,nan,0
59.0,3.882285676537817,-14.488887394336023,-10,1.5172727398911938,0.40655200535160285,0,nan,nan,nan,0
59.1,4.033797309228982,-14.447438501964873,-10,1.5129322220321058,0.4224182664248015,0,nan,nan,nan,0
59.2,4.184866590588438,-14.404405285154146,-10,1.5084257941056751,0.43823820457486673,0,nan,nan,nan,0
59.300000000000004,4.335476954167077,-14.359792462981009,-10,1.5037539502925072,0.45401008496730466,0,nan,nan,nan,0
59.400000000000006,4.485611883841306,-14.313604927744151,-10,1.498917202912923,0.46973217803769735,0,nan,nan,nan,0
59.5,4.635254915624208,-14.265847744427305,-10,1.493916082370778,0.4854027596813663,0,nan,nan,nan,0
59.6,4.7843896394710494,-14.216526150143785,-10,1.4887511370952966,0.5010201114424456,0,nan,nan,nan,0
59.7,4.932999701078753,-14.165645553562214,-10,1.4834229334809323,0.5165825207023219,0,nan,nan,nan,0
59.800000000000004,5.081068803679378,-14.11321153431338,-10,1.477932055825255,0.5320882808674471,0,nan,nan,nan,0
59.900000000000006,5.228580709827226,-14.059229842378373,-10,1.472279106264876,0.5475356915564841,0,nan,nan,nan,0
60.0,5.375519243179493,-14.003706397458032,-10,1.466464704709418,0.5629230587867754,0,nan,nan,nan,0
60.1,5.521868290270174,-13.946647288323769,-10,1.460489488773532,0.578248695160107,0,nan,nan,nan,0
60.2,5.667611802277002,-13.888058772149922,-10,1.4543541137069826,0.5935109200477412,0,nan,nan,nan,0
60.300000000000004,5.812733796781544,-13.827947273827508,-10,1.4480592523227835,0.6087080597747334,0,nan,nan,nan,0
60.400000000000006,5.957218359521724,-13.76631938525971,-10,1.441605594923422,0.6238384478034562,0,nan,nan,nan,0
60.5,6.101049646136996,-13.703181864639017,-10,1.4349938492251606,0.6389004249163531,0,nan,nan,nan,0
60.6,6.244211883906014,-13.63854163570603,-10,1.4282247402804196,0.6538923393979073,0,nan,nan,nan,0
60.7,6.386689373476101,-13.572405786990288,-10,1.421299010398276,0.6688125472157507,0,nan,nan,nan,0
60.800000000000004,6.528466490584915,-13.5047815710329,-10,1.4142174190630596,0.6836594122009568,0,nan,nan,nan,0
60.900000000000006,6.669527687773918,-13.43567640359119,-10,1.4069807428510606,0.6984313062274753,0,nan,nan,nan,0
61.0,6.8098574960931995,-13.36509786282552,-10,1.3995897753453765,0.7131266093906593,0,nan,nan,nan,0
61.1,6.949440526797927,-13.293053688468222,-10,1.3920453270488824,0.7277437101849183,0,nan,nan,nan,0
61.2,7.088261473035813,-13.21955178097488,-10,1.3843482252953516,0.7422810056804292,0,nan,nan,nan,0
61.300000000000004,7.226305111525724,-13.144600200657957,-10,1.3764993141587318,0.7567369016989195,0,nan,nan,nan,0
61.400000000000006,7.363556304227123,-13.068207166802836,-10,1.368499454360576,0.7711098129884912,0,nan,nan,nan,0
61.5,7.500000000000002,-12.990381056766578,-10,1.3603495231756633,0.7853981633974485,0,nan,nan,nan,0
61.6,7.635621236255563,-12.91113040505916,-10,1.3520504143357888,0.7996003860471564,0,nan,nan,nan,0
61.7,7.770405140596961,-12.830463902407596,-10,1.3436030379317576,0.8137149235038592,0,nan,nan,nan,0
61.800000000000004,7.904336932450174,-12.748390394802954,-10,1.335008320313588,0.8277402279494649,0,nan,nan,nan,0
61.900000000000006,8.037401924684952,-12.664918882530225,-10,1.3262672039889203,0.8416747613512903,0,nan,nan,nan,0
62.0,8.169585525225399,-12.580058519181364,-10,1.317380647519662,0.8555169956307208,0,nan,nan,nan,0
62.1,8.30087323865017,-12.493818610651486,-10,1.3083496254168714,0.8692654128307828,0,nan,nan,nan,0
62.2,8.431250667781958,-12.406208614118427,-10,1.2991751280338952,0.8829185052825945,0,nan,nan,nan,0
62.300000000000004,8.560703515266477,-12.317238137005559,-10,1.2898581614577564,0.8964747757707161,0,nan,nan,nan,0
62.400000000000006,8.689217585140188,-12.22691693592831,-10,1.2803997473988333,0.9099327376973219,0,nan,nan,nan,0
62.5,8.816778784387093,-12.135254915624213,-10,1.270800923078815,0.923290915245228,0,nan,nan,nan,0
62.6,8.943373124484237,-12.042262127866717,-10,1.2610627411169557,0.9365478435397357,0,nan,nan,nan,0
62.7,9.068986722935616,-11.94794877036295,-10,1.2511862694146483,0.9497020688092636,0,nan,nan,nan,0
62.800000000000004,9.193605804794654,-11.852325185635351,-10,1.24117259103831,0.9627521485447788,0,nan,nan,nan,0
62.900000000000006,9.317216704174665,-11.75540185988759,-10,1.2310228041006215,0.9756966516579745,0,nan,nan,nan,0
63.0,9.439805865747552,-11.65718942185457,-10,1.2207380216400987,0.9885341586382115,0,nan,nan,nan,0
63.1,9.56135984623035,-11.557698641636836,-10,1.2103193714990337,1.00126326170819,0,nan,nan,nan,0
63.2,9.681865315859264,-11.456940429519626,-10,1.1997679961998249,1.0138825649783094,0,nan,nan,nan,0
63.300000000000004,9.801309059851581,-11.354925834776347,-10,1.1890850528196775,1.0263906845997604,0,nan,nan,nan,0
63.400000000000006,9.91967797985479,-11.251666044456883,-10,1.1782717128637157,1.038786248916275,0,nan,nan,nan,0
63.5,10.036959095382876,-11.14717238216091,-10,1.167329162136525,1.0510678986145365,0,nan,nan,nan,0
63.6,10.153139545239908,-11.041456306796018,-10,1.156258600612102,1.063234286873257,0,nan,nan,nan,0
63.7,10.26820658893033,-10.934529411321174,-10,1.145061242302271,1.0752840795108611,0,nan,nan,nan,0
63.800000000000004,10.382147608056103,-10.826403421475431,-10,1.1337383151235538,1.0872159551317966,0,nan,nan,nan,0
63.900000000000006,10.494950107700486,-10.717090194492046,-10,1.122291060762514,1.099028605271442,0,nan,nan,nan,0
64.0,10.60660171779821,-10.606601717798215,-10,1.1107207345395917,1.110720734539591,0,nan,nan,nan,0
64.1,10.71709019449205,-10.49495010770048,-10,1.0990286052714413,1.1222910607625143,0,nan,nan,nan,0
64.2,10.826403421475435,-10.3821476080561,-10,1.0872159551317961,1.1337383151235543,0,nan,nan,nan,0
64.30000000000001,10.934529411321169,-10.268206588930335,-10,1.0752840795108616,1.1450612423022701,0,nan,nan,nan,0
64.4,11.041456306796023,-10.153139545239902,-10,1.0632342868732563,1.1562586006121025,0,nan,nan,nan,0
64.5,11.147172382160914,-10.036959095382873,-10,1.0510678986145363,1.1673291621365254,0,nan,nan,nan,0
64.6,11.251666044456886,-9.919677979854784,-10,1.0387862489162745,1.178271712863716,0,nan,nan,nan,0
64.7,11.354925834776342,-9.801309059851585,-10,1.0263906845997606,1.1890850528196768,0,nan,nan,nan,0
64.80000000000001,11.45694042951964,-9.68186531585925,-10,1.013882564978308,1.1997679961998264,0,nan,nan,nan,0
64.9,11.55769864163684,-9.561359846230344,-10,1.0012632617081894,1.2103193714990341,0,nan,nan,nan,0
65.0,11.657189421854559,-9.439805865747568,-10,0.9885341586382131,1.2207380216400978,0,nan,nan,nan,0
65.1,11.755401859887602,-9.317216704174648,-10,0.9756966516579726,1.2310228041006226,0,nan,nan,nan,0
65.2,11.852325185635355,-9.193605804794647,-10,0.962752148544778,1.2411725910383105,0,nan,nan,nan,0
65.30000000000001,11.947948770362945,-9.068986722935621,-10,0.949702068809264,1.2511862694146478,0,nan,nan,nan,0
65.4,12.042262127866714,-8.943373124484243,-10,0.9365478435397364,1.2610627411169553,0,nan,nan,nan,0
65.5,12.13525491562421,-8.8167787843871,-10,0.9232909152452287,1.2708009230788149,0,nan,nan,nan,0
65.6,12.226916935928314,-8.689217585140183,-10,0.9099327376973214,1.2803997473988338,0,nan,nan,nan,0
65.7,12.317238137005555,-8.560703515266484,-10,0.8964747757707168,1.289858161457756,0,nan,nan,nan,0
65.80000000000001,12.40620861411843,-8.431250667781955,-10,0.8829185052825942,1.2991751280338955,0,nan,nan,nan,0
65.9,12.493818610651498,-8.300873238650151,-10,0.869265412830781,1.3083496254168727,0,nan,nan,nan,0
66.0,12.580058519181353,-8.169585525225417,-10,0.8555169956307227,1.3173806475196612,0,nan,nan,nan,0
66.1,12.66491888253023,-8.037401924684945,-10,0.8416747613512895,1.3262672039889207,0,nan,nan,nan,0
66.2,12.748390394802962,-7.904336932450155,-10,0.8277402279494629,1.335008320313589,0,nan,nan,nan,0
66.30000000000001,12.8304639024076,-7.770405140596955,-10,0.8137149235038585,1.343603037931758,0,nan,nan,nan,0
66.4,12.911130405059156,-7.635621236255568,-10,0.7996003860471569,1.3520504143357885,0,nan,nan,nan,0
66.5,12.990381056766582,-7.499999999999995,-10,0.7853981633974477,1.3603495231756635,0,nan,nan,nan,0
66.6,13.06820716680284,-7.363556304227116,-10,0.7711098129884905,1.3684994543605762,0,nan,nan,nan,0
66.7,13.144600200657953,-7.22630511152573,-10,0.7567369016989202,1.3764993141587316,0,nan,nan,nan,0
66.80000000000001,13.219551780974884,-7.088261473035808,-10,0.7422810056804287,1.384348225295352,0,nan,nan,nan,0
66.9,13.293053688468225,-6.94944052679792,-10,0.7277437101849176,1.3920453270488826,0,nan,nan,nan,0
67.0,13.365097862825516,-6.809857496093205,-10,0.7131266093906599,1.3995897753453763,0,nan,nan,nan,0
67.1,13.435676403591186,-6.6695276877739245,-10,0.6984313062274761,1.4069807428510601,0,nan,nan,nan,0
67.2,13.504781571032904,-6.5284664905849095,-10,0.6836594122009564,1.4142174190630599,0,nan,nan,nan,0
67.30000000000001,13.572405786990295,-6.3866893734760835,-10,0.6688125472157488,1.4212990103982768,0,nan,nan,nan,0
67.4,13.638541635706027,-6.2442118839060194,-10,0.6538923393979078,1.4282247402804191,0,nan,nan,nan,0
67.5,13.703181864639015,-6.101049646137002,-10,0.6389004249163538,1.4349938492251606,0,nan,nan,nan,0
67.6,13.766319385259719,-5.957218359521705,-10,0.6238384478034542,1.441605594923423,0,nan,nan,nan,0
67.7,13.827947273827506,-5.812733796781549,-10,0.608708059774734,1.4480592523227833,0,nan,nan,nan,0
67.80000000000001,13.888058772149925,-5.667611802276996,-10,0.5935109200477406,1.454354113706983,0,nan,nan,nan,0
67.9,13.946647288323772,-5.521868290270168,-10,0.5782486951601064,1.4604894887735325,0,nan,nan,nan,0
68.0,14.003706397458023,-5.375519243179512,-10,0.5629230587867773,1.466464704709417,0,nan,nan,nan,0
68.1,14.059229842378372,-5.2285807098272326,-10,0.5475356915564846,1.472279106264876,0,nan,nan,nan,0
68.2,14.113211534313383,-5.081068803679371,-10,0.5320882808674463,1.4779320558252553,0,nan,nan,nan,0
68.30000000000001,14.165645553562216,-4.932999701078746,-10,0.5165825207023211,1.4834229334809323,0,nan,nan,nan,0
68.4,14.216526150143787,-4.784389639471043,-10,0.501020111442445,1.4887511370952968,0,nan,nan,nan,0
68.5,14.265847744427303,-4.635254915624214,-10,0.485402759681367,1.4939160823707778,0,nan,nan,nan,0
68.6,14.313604927744151,-4.4856118838413,-10,0.46973217803769673,1.498917202912923,0,nan,nan,nan,0
68.7,14.35979246298101,-4.335476954167071,-10,0.454010084967304,1.5037539502925072,0,nan,nan,nan,0
68.80000000000001,14.404405285154148,-4.184866590588432,-10,0.4382382045748661,1.5084257941056753,0,nan,nan,nan,0
68.9,14.447438501964875,-4.033797309228976,-10,0.42241826642480085,1.512932222032106,0,nan,nan,nan,0
69.0,14.488887394336025,-3.88228567653781,-10,0.40655200535160213,1.5172727398911938,0,nan,nan,nan,0
69.1,14.528747416929464,-3.73034830747283,-10,0.39064116126959203,1.5214468716962428,0,nan,nan,nan,0
69.2,14.567014198644543,-3.5780018636787054,-10,0.3746874789821203,1.5254541597066633,0,nan,nan,nan,0
69.30000000000001,14.603683543097404,-3.425263051659838,-10,0.3586927079902368,1.5292941644781655,0,nan,nan,nan,0
69.4,14.63875142908121,-3.2721486209481365,-10,0.34265860230082124,1.5329664649109538,0,nan,nan,nan,0
69.5,14.672214011007085,-3.1186753622663845,-10,0.326586920234252,1.5364706582959031,0,nan,nan,nan,0
69.6,14.704067619325826,-2.9648601056868964,-10,0.31047942423158037,1.539806360358719,0,nan,nan,nan,0
69.7,14.73430876093033,-2.81071971878587,-10,0.2943378806612553,1.542973205302082,0,nan,nan,nan,0
69.80000000000001,14.762934119538631,-2.6562711047937335,-10,0.2781640596254279,1.5459708458457555,0,nan,nan,nan,0
69.9,14.789940556057575,-2.5015312007415282,-10,0.26195973476584133,1.5487989532646738,0,nan,nan,nan,0
70.0,14.815325108927064,-2.3465169756034667,-10,0.2457266830693197,1.551457217424989,0,nan,nan,nan,0
70.1,14.839084994444825,-2.1912454284361744,-10,0.22946668467291015,1.55394534681808,0,nan,nan,nan,0
70.2,14.861217607071653,-2.0357335865145623,-10,0.21318152266867166,1.5562630685925198,0,nan,nan,nan,0
70.30000000000001,14.881720519717168,-1.8799985034645568,-10,0.19687298290813524,1.5584101285839977,0,nan,nan,nan,0
70.4,14.900591484005947,-1.7240572573930018,-10,0.18054285380646737,1.5603862913431905,0,nan,nan,nan,0
70.5,14.9178284305241,-1.5679269490148013,-10,0.16419292614634526,1.5621913401615823,0,nan,nan,nan,0
70.6,14.9334294690462,-1.4116246997777104,-10,0.14782499288158507,1.5638250770952287,0,nan,nan,nan,0
70.7,14.947392888742565,-1.2551676499847377,-10,0.13144084894052058,1.5652873229864652,0,nan,nan,nan,0
70.80000000000001,14.959717158366871,-1.098572956914477,-10,0.11504229102916459,1.5665779174835515,0,nan,nan,nan,0
70.9,14.970400926424075,-0.9418577929396856,-10,0.09863111743418711,1.567696719058257,0,nan,nan,nan,0
71.0,14.979443021318607,-0.7850393436441655,-10,0.08220912782571545,1.568643605021381,0,nan,nan,nan,0
71.1,14.986842451482875,-0.628134805937999,-10,0.06577812305996227,1.5694184715362083,0,nan,nan,nan,0
71.2,14.992598405485975,-0.4711613861719121,-10,0.049339904981762085,1.5700212336298927,0,nan,nan,nan,0
71.30000000000001,14.996710252122682,-0.3141362982503519,-10,0.032896276226973255,1.5704518252027784,0,nan,nan,nan,0
71.4,14.999177540482682,-0.1570767617436808,-10,0.016449040024787396,1.5707101990356473,0,nan,nan,nan,0
